{
  "course": {
    "title": "Understanding Large Language Models: A Deep Dive into AI Tools",
    "description": "This course offers an in-depth exploration of Large Language Models (LLMs) such as ChatGPT, Google Gemini, and Claude. Participants will gain a comprehensive understanding of how these AI tools function under the hood, including the principles of generative AI and transformer architectures.",
    "duration": "6 hours",
    "difficulty": "intermediate",
    "prerequisites": [
      "Basic understanding of AI and machine learning concepts",
      "Familiarity with programming languages such as Python"
    ],
    "learning_outcomes": [
      "Analyze the working principles of Large Language Models",
      "Apply knowledge of transformers to understand AI outputs",
      "Create simple models using pre-trained transformers",
      "Evaluate the effectiveness of different LLMs based on their architecture and training data"
    ],
    "chapters": [
      {
        "number": 1,
        "title": "Introduction to Large Language Models",
        "duration": "30 minutes",
        "learning_objectives": [
          "Understand the concept of Large Language Models",
          "Identify popular LLM tools and their applications"
        ],
        "key_points": [
          "Large Language Models (LLMs) are AI models designed to understand and generate human-like text. They are trained on vast amounts of data and can perform tasks such as translation, summarization, and question answering.",
          "Popular LLMs include ChatGPT, Google Gemini, and Claude. Each model has unique features and capabilities suited to different applications.",
          "LLMs operate on a scale of complexity and are capable of learning patterns in language to generate coherent and contextually relevant responses.",
          "The generative nature of LLMs allows them to create content on the fly, unlike traditional search engines that retrieve indexed information.",
          "Understanding the basic principles of LLMs requires knowledge of how they are pre-trained on large datasets, including internet data and books."
        ],
        "content": "Large Language Models (LLMs) represent a significant advancement in the field of artificial intelligence, allowing machines to process and generate human-like text. These models are trained on diverse datasets, enabling them to understand and mimic human language patterns. The most notable LLMs include ChatGPT, Google Gemini, and Claude, each offering unique functionalities and applications. The generative aspect of LLMs is particularly important, as it differentiates them from traditional search engines that rely on indexed data retrieval. Instead, LLMs can produce new content based on the input provided, making them versatile tools in various applications.",
        "activities": [
          "Discussion: Compare the capabilities and use cases of different LLMs"
        ],
        "assessment_questions": 3,
        "difficulty_level": "easy",
        "estimated_slides": 8
      },
      {
        "number": 2,
        "title": "The Generative Nature of AI",
        "duration": "40 minutes",
        "learning_objectives": [
          "Explain the concept of generative AI",
          "Differentiate between generative AI and traditional search engines"
        ],
        "key_points": [
          "Generative AI refers to the ability of AI models to produce new content or data based on learned patterns from pre-existing data.",
          "Unlike traditional search engines like Google and Bing, generative AI models create content rather than simply retrieving it from indexed databases.",
          "Generative AI models are pre-trained on extensive datasets, which include diverse types of content such as text, images, and audio.",
          "The generative process involves predicting sequences of text or data, enabling AI to craft responses that are contextually appropriate and human-like.",
          "Understanding the pre-training process is crucial to grasping how generative AI models make accurate predictions."
        ],
        "content": "Generative AI is a transformative aspect of artificial intelligence that enables models to generate new content beyond simple retrieval of information. This capability is rooted in the models' ability to discern patterns from vast amounts of pre-existing data. Traditional search engines, such as Google and Bing, operate by indexing data and retrieving it based on user queries. In contrast, generative AI models, such as those utilized by ChatGPT and Google Gemini, are capable of producing novel sequences of text by predicting the next word or phrase in a conversation. This generative process is powered by extensive pre-training on diverse datasets, which equips the models with the contextual understanding required to generate coherent and contextually relevant responses.",
        "activities": [
          "Activity: Generate a text using a simple generative AI tool and analyze the output"
        ],
        "assessment_questions": 3,
        "difficulty_level": "easy",
        "estimated_slides": 8
      },
      {
        "number": 3,
        "title": "Transformer Architecture Explained",
        "duration": "45 minutes",
        "learning_objectives": [
          "Analyze the components of transformer architecture",
          "Understand the role of transformers in LLMs"
        ],
        "key_points": [
          "Transformers are a type of model architecture that enables LLMs to process and generate sequences of text efficiently.",
          "The key innovation of transformers is their use of self-attention mechanisms, allowing models to weigh the importance of different words in a sentence.",
          "Transformers utilize an encoder-decoder structure, with the encoder processing input data and the decoder generating the output.",
          "The attention mechanism in transformers helps in understanding context by focusing on relevant parts of the input data.",
          "Transformers were introduced by Google in their seminal paper 'Attention is All You Need', which laid the foundation for modern LLMs."
        ],
        "content": "The transformer architecture is a pivotal innovation in the development of Large Language Models, allowing them to manage and generate sequences of text with unprecedented efficiency. At the core of transformers is the self-attention mechanism, which enables the model to consider the importance of each word in a sentence relative to others. This is crucial for understanding context and generating coherent responses. Transformers are structured with an encoder-decoder framework; the encoder processes the input data, while the decoder generates the corresponding output. The introduction of transformers by Google through their paper 'Attention is All You Need' marked a significant advancement in AI, providing the foundational architecture for many contemporary LLMs.",
        "activities": [
          "Exercise: Diagram the transformer architecture and explain each component"
        ],
        "assessment_questions": 3,
        "difficulty_level": "medium",
        "estimated_slides": 8
      },
      {
        "number": 4,
        "title": "Tokenization and Vector Embeddings",
        "duration": "40 minutes",
        "learning_objectives": [
          "Understand the process of tokenization in LLMs",
          "Explain the role of vector embeddings in capturing semantic meaning"
        ],
        "key_points": [
          "Tokenization is the process of breaking down text into smaller units called tokens, which are easier for models to process.",
          "Each token is mapped to a unique numerical value, facilitating the conversion of text data into a format suitable for computational processing.",
          "Vector embeddings are numerical representations of tokens that capture their semantic relationships and meanings.",
          "The embeddings allow the model to understand and work with the contextual meaning of words, enhancing the quality of generated outputs.",
          "Tokenization and vector embeddings are crucial for transforming human language into a format that models can understand and manipulate."
        ],
        "content": "Tokenization and vector embeddings play essential roles in the functioning of Large Language Models. Tokenization involves dividing text into manageable units called tokens, each of which is assigned a specific numerical value. This conversion is necessary for models to process text efficiently. Once tokenized, the text is further transformed into vector embeddings - numerical representations that capture the semantic relationships between tokens. These embeddings allow the model to understand the contextual meaning of words and phrases, thereby enhancing the accuracy and relevance of the generated outputs. The process of tokenization and the use of vector embeddings are foundational to converting human language into a format that can be effectively processed and understood by AI models.",
        "activities": [
          "Hands-on: Tokenize a paragraph and generate vector embeddings using a Python library"
        ],
        "assessment_questions": 3,
        "difficulty_level": "medium",
        "estimated_slides": 8
      },
      {
        "number": 5,
        "title": "Building and Training Your Own LLM",
        "duration": "60 minutes",
        "learning_objectives": [
          "Apply knowledge of transformers to create a simple LLM",
          "Understand the challenges and considerations in training LLMs"
        ],
        "key_points": [
          "Creating a Large Language Model involves selecting an appropriate dataset and pre-processing it for training.",
          "Training LLMs requires substantial computational resources and time, as models must learn from vast amounts of data.",
          "The training process involves adjusting model parameters to minimize errors and improve the accuracy of predictions.",
          "Considerations in training include managing overfitting, ensuring diversity in training data, and optimizing hyperparameters.",
          "Once trained, LLMs can be fine-tuned for specific tasks, enhancing their performance in targeted applications."
        ],
        "content": "Building and training a Large Language Model is a complex process that involves several critical steps. The first step is selecting a suitable dataset that is large and diverse enough to provide the model with a comprehensive understanding of language patterns. Pre-processing the data is essential to ensure it is in a format suitable for training. Training LLMs is resource-intensive, requiring powerful computational infrastructure and significant time investment. During training, the model's parameters are adjusted to minimize errors and improve the accuracy of predictions. Key considerations include avoiding overfitting, ensuring the training data is representative of various language patterns, and optimizing model hyperparameters. After the model is trained, it can be fine-tuned for specific applications, allowing it to perform exceptionally well in targeted scenarios.",
        "activities": [
          "Project: Develop a simple LLM using available datasets and document the training process"
        ],
        "assessment_questions": 3,
        "difficulty_level": "hard",
        "estimated_slides": 8
      }
    ],
    "total_assessment_questions": 15,
    "total_slides": 42
  }
}