{
  "quiz": {
    "title": "Understanding Large Language Models: A Deep Dive into AI Tools - Quiz",
    "passing_score": 70,
    "time_limit": 10,
    "total_questions": 5,
    "questions": [
      {
        "question": "Unlike traditional search engines that index and retrieve data, _____ AI models are capable of generating new content by predicting the next word or phrase in a sequence.",
        "correct_answer": "generative",
        "acceptable_answers": [
          "generative",
          "generative AI",
          "generative artificial intelligence"
        ],
        "explanation": "The answer is correct because generative AI models are designed to create new content by learning from patterns in pre-existing data, as opposed to merely retrieving information like traditional search engines.",
        "difficulty": "medium",
        "points": 1,
        "type": "fill_blank",
        "id": 1,
        "chapter": 2
      },
      {
        "question": "The process of building and training a Large Language Model requires selecting a suitable dataset and ensuring it undergoes thorough _____ to be in the right format for training.",
        "correct_answer": "pre-processing",
        "acceptable_answers": [
          "pre-processing",
          "data pre-processing"
        ],
        "explanation": "Pre-processing is a critical step in preparing the dataset for training. It ensures that the data is in a format suitable for the model to learn effectively, which is essential for the success of the model training.",
        "difficulty": "hard",
        "points": 1,
        "type": "fill_blank",
        "id": 2,
        "chapter": 5
      },
      {
        "question": "What is the first critical step in building and training a Large Language Model (LLM)?",
        "options": [
          "Selecting a suitable dataset that is large and diverse enough",
          "Optimizing model hyperparameters",
          "Fine-tuning the model for specific applications",
          "Avoiding overfitting during the training process"
        ],
        "correct_answer": 0,
        "explanation": "The first critical step in building and training a Large Language Model is selecting a suitable dataset that is large and diverse enough to provide the model with a comprehensive understanding of language patterns. Optimizing model hyperparameters, fine-tuning for specific applications, and avoiding overfitting are important but occur later in the process.",
        "difficulty": "medium",
        "points": 1,
        "type": "mcq",
        "id": 3,
        "chapter": 5
      },
      {
        "question": "Large Language Models can generate new content based on the input provided, unlike traditional search engines.",
        "correct_answer": 0,
        "explanation": "LLMs are designed to generate human-like text and can create new content, whereas traditional search engines mainly retrieve indexed data.",
        "difficulty": "easy",
        "points": 1,
        "type": "true_false",
        "options": [
          "True",
          "False"
        ],
        "id": 4,
        "chapter": 1
      },
      {
        "question": "Unlike traditional search engines, _____ AI models generate new content by predicting the next word or phrase in a conversation.",
        "correct_answer": "generative",
        "acceptable_answers": [
          "generative"
        ],
        "explanation": "Generative AI models are distinct from traditional search engines because they create new content based on learned patterns from pre-existing data, unlike search engines that merely retrieve indexed information.",
        "difficulty": "easy",
        "points": 1,
        "type": "fill_blank",
        "id": 5,
        "chapter": 2
      }
    ]
  }
}